model,MAE,RMSE,R²
Linear Regression,0.2713058513530974,0.4186930787478204,0.8049693860071103
Random Forest,0.18621803315248536,0.3708837269449312,0.8469664047595602
XGBoost,0.21676030125302043,0.40654051174666905,0.8161266098399784
SVR,0.1703509478305,0.359636728775048,0.8561071210653225
